Workbook

Sheet Inputs
A1: length | B1: width | C1: depth
A2: 1 | B2: 1 | C2: 1

Sheet Roof Slab
A1: DESIGN OF ROOF SLAB
A3: A:INPUT DATA
A5: Description | B5: Symbol | C5: Value | D5: Unit
A6: Tank Length (Long Span) | B6: Ly | C6: =Inputs!A2 -> 1 | D6: m
A7: Tank Width (Short Span) | B7: Lx | C7: =Inputs!B2 -> 1 | D7: m
A8: Edge Condition | B8: - | C8: Fixed on all edges | D8: -
A9: Grade of Concrete | B9: fck | C9: 30 | D9: MPa
A10: Grade of Steel | B10: fy | C10: 500 | D10: MPa
A11: Clear Cover | B11: Cc | C11: 50 | D11: mm
A12: Live Load | B12: LL | C12: 3 | D12: kN/m²
A13: Finish/Waterproofing | B13: FL | C13: 1 | D13: kN/m²
A14: Bar Diameter (Main) | B14: φm | C14: 16 | D14: mm
A15: Bar Diameter (Dist.) | B15: φd | C15: 12 | D15: mm
A17: B.PRELIMINARY SIZING
A19: Short Span/Long Span | B19: Lx/Ly | C19: =C7/C6 -> 1 | D19: -
A20: Assumed Span/Depth Ratio | B20: - | C20: 28 | D20: -
A21: Required Depth | B21: d | C21: =MROUND(C7*1000/C20,50) -> 50 | D21: mm
A22: Assumed Overall Depth | B22: D | C22: =MAX(150,ROUNDUP(C21/10,0)*10+50) -> 150 | D22: mm
A23: Effective Depth (Short Span) | B23: dx | C23: =C22-C11-C14/2 -> 92 | D23: mm
A24: Effective Depth (Long Span) | B24: dy | C24: =C22-C11-C14-C15/2 -> 78 | D24: mm
A26: C.LOAD CALCULATIONS
A28: Self Weight (DL) | B28: DL | C28: =(C22/1000)*25 -> 3.75 | D28: kN/m²
A29: Finish/Waterproofing | B29: FL | C29: =C13 -> 1 | D29: kN/m²
A30: Live Load | B30: LL | C30: =C12 -> 3 | D30: kN/m²
A31: Total Service Load | B31: w | C31: =C28+C29+C30 -> 7.75 | D31: kN/m²
A32: Factored Loads:
A33: Dead Load Factor | B33: γDL | C33: 1.5 | D33: -
A34: Live Load Factor | B34: γLL | C34: 1.5 | D34: -
A35: Factored DL | B35: wDL | C35: =(C28+C29)*C33 -> 7.125 | D35: kN/m²
A36: Factored LL | B36: wLL | C36: =C30*C34 -> 4.5 | D36: kN/m²
A37: Total Factored Load | B37: wu | C37: =C35+C36 -> 11.625 | D37: kN/m²
A39: D.LOAD TRANSFER TO WALLS
A41: Total Roof Load (Factored) | B41: Wroof | C41: =C37*C6*C7 -> 11.625 | D41: kN
A42: Load on Long Walls
A43: Tributary Area per Long Wall | B43: Atr,long | C43: =C7/2*C6 -> 0.5 | D43: m²
A44: Load per Long Wall | B44: Wlong | C44: =C37*C43 -> 5.8125 | D44: kN
A45: Load per meter on Long Wall | B45: wlong | C45: =C44/C6 -> 5.8125 | D45: kN/m
A46: Load on Short Walls
A47: Tributary Area per Short Wall | B47: Atr,short | C47: =C6/2*C7 -> 0.5 | D47: m²
A48: Load per Short Wall | B48: Wshort | C48: =C37*C47 -> 5.8125 | D48: kN
A49: Load per meter on Short Wall | B49: wshort | C49: =C48/C7 -> 5.8125 | D49: kN/m
A51: E.BENDING MOMENT CALCULATIONS
A53: Aspect Ratio | B53: r = Lx/Ly | C53: =C19 -> 1 | D53: -
A54: Moment Coefficients (IS 456 Table 26)
A55: For Fixed Edges, Two-way Slab
A56: αx (Short Span - Negative) | B56: αx- | C56: =IF(C53<=0.5,0.032,IF(C53<=0.55,0.037,IF(C53<=0.6,0.043,IF(C53<=0.65,0.049,IF(C53<=0.7,0.055,IF(C53<=0.75,0.061,IF(C53<=0.8,0.068,IF(C53<=0.85,0.074,IF(C53<=0.9,0.081,IF(C53<=0.95,0.087,0.093)))))))))) -> 0.093 | D56: -
A57: αx (Short Span - Positive) | B57: αx+ | C57: =IF(C53<=0.5,0.024,IF(C53<=0.55,0.028,IF(C53<=0.6,0.032,IF(C53<=0.65,0.036,IF(C53<=0.7,0.041,IF(C53<=0.75,0.045,IF(C53<=0.8,0.05,IF(C53<=0.85,0.055,IF(C53<=0.9,0.06,IF(C53<=0.95,0.065,0.069)))))))))) -> 0.069 | D57: -
A58: αy (Long Span - Negative) | B58: αy- | C58: =IF(C53<=0.5,0.032,IF(C53<=0.55,0.035,IF(C53<=0.6,0.037,IF(C53<=0.65,0.04,IF(C53<=0.7,0.043,IF(C53<=0.75,0.045,IF(C53<=0.8,0.048,IF(C53<=0.85,0.051,IF(C53<=0.9,0.053,IF(C53<=0.95,0.056,0.058)))))))))) -> 0.058 | D58: -
A59: αy (Long Span - Positive) | B59: αy+ | C59: =IF(C53<=0.5,0.024,IF(C53<=0.55,0.026,IF(C53<=0.6,0.028,IF(C53<=0.65,0.03,IF(C53<=0.7,0.032,IF(C53<=0.75,0.034,IF(C53<=0.8,0.035,IF(C53<=0.85,0.037,IF(C53<=0.9,0.039,IF(C53<=0.95,0.041,0.042)))))))))) -> 0.042 | D59: -
A60: Design Moments
A61: Mux- (Negative) | B61: Mux- | C61: =C56*C37*C7^2 -> 1.081125 | D61: kNm/m
A62: Mux+ (Positive) | B62: Mux+ | C62: =C57*C37*C7^2 -> 0.802125 | D62: kNm/m
A63: Muy- (Negative) | B63: Muy- | C63: =C58*C37*C7^2 -> 0.67425 | D63: kNm/m
A64: Muy+ (Positive) | B64: Muy+ | C64: =C59*C37*C7^2 -> 0.48825 | D64: kNm/m
A66: F.STEEL REINFORCEMENT - SHORT SPAN (X-DIRECTION)
A68: Negative Moment (Support) - TOP STEEL
A69: Design Moment | B69: Mu | C69: =C61*1000000 -> 1081125 | D69: Nmm/m
A70: Effective Depth | B70: d | C70: =C23 -> 92 | D70: mm
A71: Mu/bd² | B71: Ru | C71: =C69/(1000*C70^2) -> 0.12773216 | D71: N/mm²
A72: ρ required | B72: ρ | C72: =(0.5*C9/C10)*(1-SQRT(1-(4.6*C71/C9))) -> 0.00029523671 | D72: -
A73: Min ρ (0.12%) | B73: ρmin | C73: 0.0012 | D73: -
A74: Actual ρ | B74: ρact | C74: =MAX(C72,C73) -> 0.0012 | D74: -
A75: Ast required | B75: Ast,req | C75: =C74*1000*C70 -> 110.4 | D75: mm²/m
A76: Area of one bar | B76: Ab | C76: =PI()*C14^2/4 -> 201.06193 | D76: mm²
A77: Spacing required | B77: Sreq | C77: =C76*1000/C75 -> 1821.2131 | D77: mm
A78: Max Spacing (3d or 300mm) | B78: Smax | C78: =MROUND(MIN(3*C70,300),50) -> 300 | D78: mm
A79: Spacing Provided | B79: Sprov | C79: =MIN(C78,ROUNDDOWN(C77/10,0)*10) -> 300 | D79: mm c/c
A80: Ast Provided | B80: Ast,prov | C80: =C76*1000/C79 -> 670.20643 | D80: mm²/m
A81: Positive Moment (Mid Span) - BOTTOM STEEL
A82: Design Moment | B82: Mu | C82: =C62*1000000 -> 802125 | D82: Nmm/m
A83: Ast required | B83: Ast,req | C83: =MAX((0.5*C9/C10)*(1-SQRT(1-(4.6*(C82/(1000*C70^2))/C9)))*1000*C70,C73*1000*C70) -> 110.4 | D83: mm²/m
A84: Spacing required | B84: Sreq | C84: =C76*1000/C83 -> 1821.2131 | D84: mm
A85: Spacing Provided | B85: Sprov | C85: =MIN(C78,ROUNDDOWN(C84/10,0)*10) -> 300 | D85: mm c/c
A86: Ast Provided | B86: Ast,prov | C86: =C76*1000/C85 -> 670.20643 | D86: mm²/m
A88: Summary - Short Span Main Steel
A89: Top (Support) | B89: - | C89: =C14&"mm φ @ "&C79&" mm c/c" -> 16mm φ @ 300 mm c/c
A90: Bottom (Mid Span) | B90: - | C90: =C14&"mm φ @ "&C85&" mm c/c" -> 16mm φ @ 300 mm c/c
A92: G.STEEL REINFORCEMENT - LONG SPAN (Y-DIRECTION)
A94: Negative Moment (Support) - TOP STEEL
A95: Design Moment | B95: Mu | C95: =C63*1000000 -> 674250 | D95: Nmm/m
A96: Effective Depth | B96: d | C96: =C24 -> 78 | D96: mm
A97: Mu/bd² | B97: Ru | C97: =C95/(1000*C96^2) -> 0.11082347 | D97: N/mm²
A98: ρ required | B98: ρ | C98: =(0.5*C9/C10)*(1-SQRT(1-(4.6*C97/C9))) -> 0.00025598613 | D98: -
A99: Min ρ (0.12%) | B99: ρmin | C99: 0.0012 | D99: -
A100: Actual ρ | B100: ρact | C100: =MAX(C98,C99) -> 0.0012 | D100: -
A101: Ast required | B101: Ast,req | C101: =C100*1000*C96 -> 93.6 | D101: mm²/m
A102: Area of one bar | B102: Ab | C102: =PI()*C15^2/4 -> 113.09734 | D102: mm²
A103: Spacing required | B103: Sreq | C103: =C102*1000/C101 -> 1208.3049 | D103: mm
A104: Max Spacing (3d or 300mm) | B104: Smax | C104: =MROUND(MIN(3*C96,300),50) -> 250 | D104: mm
A105: Spacing Provided | B105: Sprov | C105: =MIN(C104,ROUNDDOWN(C103/10,0)*10) -> 250 | D105: mm c/c
A106: Ast Provided | B106: Ast,prov | C106: =C102*1000/C105 -> 452.38934 | D106: mm²/m
A107: Positive Moment (Mid Span) - BOTTOM STEEL
A108: Design Moment | B108: Mu | C108: =C64*1000000 -> 488250 | D108: Nmm/m
A109: Ast required | B109: Ast,req | C109: =MAX((0.5*C9/C10)*(1-SQRT(1-(4.6*(C108/(1000*C96^2))/C9)))*1000*C96,C99*1000*C96) -> 93.6 | D109: mm²/m
A110: Spacing required | B110: Sreq | C110: =C102*1000/C109 -> 1208.3049 | D110: mm
A111: Spacing Provided | B111: Sprov | C111: =MIN(C104,ROUNDDOWN(C110/10,0)*10) -> 250 | D111: mm c/c
A112: Ast Provided | B112: Ast,prov | C112: =C102*1000/C111 -> 452.38934 | D112: mm²/m
A114: Summary - Long Span Distribution Steel
A115: Top (Support) | B115: - | C115: =C15&"mm φ @ "&C105&" mm c/c" -> 12mm φ @ 250 mm c/c
A116: Bottom (Mid Span) | B116: - | C116: =C15&"mm φ @ "&C111&" mm c/c" -> 12mm φ @ 250 mm c/c
...

Sheet Long Wall
A1: DESIGN OF LONG WALL
A3: A:INPUT DATA
A5: Description | B5: Symbol | C5: Value | D5: Unit
A6: Length of Wall | B6: L | C6: =Inputs!A2 -> 1 | D6: m
A7: Height of Wall | B7: H | C7: =Inputs!C2 -> 1 | D7: m
A8: Water Depth Inside | B8: Hw | C8: =C7-0.5 -> 0.5 | D8: m
A9: Soil Height Outside | B9: Hs | C9: =C7 -> 1 | D9: m
A10: Support Condition | B10: - | C10: Fixed Top & Bottom | D10: -
A11: Grade of Concrete | B11: fck | C11: 30 | D11: MPa
A12: Grade of Steel | B12: fy | C12: 500 | D12: MPa
A13: Clear Cover (Inside) | B13: Cci | C13: 50 | D13: mm
A14: Clear Cover (Outside) | B14: Cco | C14: 50 | D14: mm
A15: Density of Water | B15: γw | C15: 10 | D15: kN/m³
A16: Density of Soil | B16: γs | C16: 18 | D16: kN/m³
A17: Coeff. of Earth Pressure | B17: Ka | C17: 0.33 | D17: -
A18: Bar Diameter (Main) | B18: φm | C18: 16 | D18: mm
A19: Bar Diameter (Dist.) | B19: φd | C19: 12 | D19: mm
A21: Load per meter from Roof | B21: wroof | C21: ='Roof Slab'!B161 -> 5.8125 | D21: kN/m
A23: B. PRELIMINARY SIZING
A24: Minimum Wall Thickness | B24: tw,min | C24: =MROUND(MAX(300,C7*1000/12),50) -> 300 | D24: mm
A25: Assumed Wall Thickness | B25: tw | C25: =ROUNDUP(C24/10,0)*10 -> 300 | D25: mm
A26: Effective Depth (Inside Face) | B26: di | C26: =C25-C13-C18/2 -> 242 | D26: mm
A27: Effective Depth (Outside Face) | B27: do | C27: =C25-C14-C18/2 -> 242 | D27: mm
A28: Eff. Cover (Inside) | B28: d'i | C28: =C13+C18/2 -> 58 | D28: mm
A29: Eff. Cover (Outside) | B29: d'o | C29: =C14+C18/2 -> 58 | D29: mm
A31: C. LOAD CALCULATIONS
A33: VERTICAL LOAD (Top of Wall)
A34: Roof Slab Load (Factored) | B34: Proof | C34: =C21 -> 5.8125 | D34: kN/m
A35: WATER PRESSURE (INSIDE)- Full Condition
A36: Max Water Pressure at Base | B36: Pw,max | C36: =C8*C15 -> 5 | D36: kN/m²
A37: Load Factor for Water | B37: γw | C37: 1.5 | D37: -
A38: Design Water Pressure | B38: Pw,d | C38: =C36*C37 -> 7.5 | D38: kN/m²
A39: SOIL PRESSURE (OUTSIDE) - Empty Condition
A40: Active Earth Pressure at Base | B40: Ps,max | C40: =C9*C16*C17 -> 5.94 | D40: kN/m²
A41: Load Factor for Soil | B41: γs | C41: 1.5 | D41: -
A42: Design Soil Pressure | B42: Ps,d | C42: =C40*C41 -> 8.91 | D42: kN/m²
A44: CRITICAL LOAD CASE
A45: Case 1: Tank Full (Water Inside) | B45: P1 | C45: =C38 -> 7.5 | D45: kN/m²
A46: Case 2: Tank Empty (Soil Outside) | B46: P2 | C46: =C42 -> 8.91 | D46: kN/m²
A47: Critical Pressure | B47: Pcr | C47: =MAX(C45,C46) -> 8.91 | D47: kN/m²
A48: Critical Case | B48: - | C48: =IF(C45>C46,"Tank Full - Water Inside","Tank Empty - Soil Outside") -> Tank Empty - Soil Outside
A50: D. AXIAL LOAD CHECK
A52: AXIAL LOAD ON WALL
A53: Load from Roof per meter | B53: Proof | C53: =C34 -> 5.8125 | D53: kN/m
A54: Self Weight of Wall | B54: Wwall | C54: =(C25/1000)*C7*25 -> 7.5 | D54: kN/m
A55: Total Axial Load | B55: Pu | C55: =C53+C54 -> 13.3125 | D55: kN/m | E55: Note: Since axial stress is low, design as flexural member with lateral pressure as primary load
A56: Axial Stress | B56: σa | C56: =(C55)/C25 -> 0.044375 | D56: N/mm²
A57: Permissible (0.1fck) | B57: σa,max | C57: =0.1*C11 -> 3 | D57: N/mm²
A58: Status | B58: - | C58: =IF(C56<C57,"OK - Primarily Flexure","Check as Column") -> OK - Primarily Flexure
A60: E. BENDING MOMENT
A62: BENDING MOMENT CALCULATIONS
A63: Support Condition | B63: - | C63: Fixed at Top and Bottom | D63: -
A64: For Triangular Load (Varying from 0 to Pmax)
A65: Height | B65: H | C65: =C7 -> 1 | D65: m
A66: Max Pressure | B66: Pmax | C66: =C47 -> 8.91 | D66: kN/m²
A67: Moment Coefficients for Fixed-Fixed Condition
A68: At Bottom Support | B68: α1 | C68: -0.0833 | D68: -
A69: At Mid Height | B69: α2 | C69: 0.0417 | D69: -
A70: At Top Support | B70: α3 | C70: -0.0833 | D70: -
A71: Design Moments
A72: Moment at Bottom | B72: Mb | C72: =C68*C66*C65^2 -> -0.742203 | D72: kNm/m
A73: Moment at Mid Height | B73: Mm | C73: =C69*C66*C65^2 -> 0.371547 | D73: kNm/m
A74: Moment at Top | B74: Mt | C74: =C70*C66*C65^2 -> -0.742203 | D74: kNm/m
A76: Design Moment (Max) | B76: Mu | C76: =MAX(ABS(C72),ABS(C73),ABS(C74)) -> 0.742203 | D76: kNm/m
A78: F. STEEL REINFORCEMENT - VERTICAL
A80: VERTICAL STEEL REINFORCEMENT
A81: Inside Face (Tension when Full)
A82: Design Moment | B82: Mu | C82: =IF(C45>C46,C76*1000000,0) -> 0 | D82: Nmm/m
A83: Effective Depth | B83: d | C83: =C26 -> 242 | D83: mm
A84: Mu/bd² | B84: Ru | C84: =IF(C82>0,C82/(1000*C83^2),0) -> 0 | D84: N/mm²
A85: ρ required | B85: ρ | C85: =IF(C84>0,(0.5*C11/C12)*(1-SQRT(1-(4.6*C84/C11))),0) -> 0 | D85: -
A86: Min ρ (0.12%) | B86: ρmin | C86: 0.0012 | D86: -
A87: Actual ρ | B87: ρact | C87: =MAX(C85,C86) -> 0.0012 | D87: -
A88: Ast required | B88: Ast,req | C88: =C87*1000*C83 -> 290.4 | D88: mm²/m
A89: Area of one bar | B89: Ab | C89: =PI()*C18^2/4 -> 201.06193 | D89: mm²
A90: Spacing required | B90: Sreq | C90: =C89*1000/C88 -> 692.36202 | D90: mm
A91: Max Spacing (3d or 300mm) | B91: Smax | C91: =MIN(3*C83,300) -> 300 | D91: mm
A92: Spacing Provided | B92: Sprov | C92: =MIN(C91,ROUNDDOWN(C90/10,0)*10) -> 300 | D92: mm c/c
A93: Ast Provided | B93: Ast,prov | C93: =C89*1000/C92 -> 670.20643 | D93: mm²/m
A94: Outside Face (Tension when Empty)
A95: Design Moment | B95: Mu | C95: =IF(C46>C45,C76*1000000,0) -> 742203 | D95: Nmm/m
A96: Effective Depth | B96: d | C96: =C27 -> 242 | D96: mm
A97: Mu/bd² | B97: Ru | C97: =IF(C95>0,C95/(1000*C96^2),0) -> 0.012673366 | D97: N/mm²
A98: ρ required | B98: ρ | C98: =IF(C97>0,(0.5*C11/C12)*(1-SQRT(1-(4.6*C97/C11))),0) -> 2.9162916e-05 | D98: -
A99: Min ρ (0.12%) | B99: ρmin | C99: 0.0012 | D99: -
A100: Actual ρ | B100: ρact | C100: =MAX(C98,C99) -> 0.0012 | D100: -
A101: Ast required | B101: Ast,req | C101: =C100*1000*C96 -> 290.4 | D101: mm²/m
A102: Spacing required | B102: Sreq | C102: =C89*1000/C101 -> 692.36202 | D102: mm
A103: Max Spacing | B103: Smax | C103: =MIN(3*C96,300) -> 300 | D103: mm
A104: Spacing Provided | B104: Sprov | C104: =MIN(C103,ROUNDDOWN(C102/10,0)*10) -> 300 | D104: mm c/c
A105: Ast Provided | B105: Ast,prov | C105: =C89*1000/C104 -> 670.20643 | D105: mm²/m
A107: G. STEEL REINFORCEMENT - HORIZONTAL
A109: HORIZONTAL STEEL REINFORCEMENT (DISTRIBUTION)
A110: Min % of Vertical Steel | B110: % | C110: 0.12 | D110: %
A111: Min Area Required | B111: Ast,min | C111: =C110/100*C25*1000 -> 360 | D111: mm²/m
A112: Inside Face
A113: Area of one bar | B113: Ab | C113: =PI()*C19^2/4 -> 113.09734 | D113: mm²
A114: Spacing required | B114: Sreq | C114: =C113*1000/C111 -> 314.15927 | D114: mm
A115: Max Spacing | B115: Smax | C115: 300 | D115: mm
A116: Spacing Provided | B116: Sprov | C116: =MIN(C115,ROUNDDOWN(C114/10,0)*10) -> 300 | D116: mm c/c
...

Sheet Short Wall
A1: DESIGN OF SHORT WALL
A3: A.INPUT DATA
A5: Description | B5: Symbol | C5: Value | D5: Unit
A6: Length of Wall | B6: L | C6: =Inputs!B2 -> 1 | D6: m
A7: Height of Wall | B7: H | C7: =Inputs!C2 -> 1 | D7: m
A8: Water Depth Inside | B8: Hw | C8: =C7-0.5 -> 0.5 | D8: m
A9: Soil Height Outside | B9: Hs | C9: =C7 -> 1 | D9: m
A10: Support Condition | B10: - | C10: Fixed Top, Bottom & Sides | D10: -
A11: Grade of Concrete | B11: fck | C11: 30 | D11: MPa
A12: Grade of Steel | B12: fy | C12: 500 | D12: MPa
A13: Clear Cover (Inside) | B13: Cci | C13: 50 | D13: mm
A14: Clear Cover (Outside) | B14: Cco | C14: 50 | D14: mm
A15: Density of Water | B15: γw | C15: 10 | D15: kN/m³
A16: Density of Soil | B16: γs | C16: 18 | D16: kN/m³
A17: Coeff. of Earth Pressure | B17: Ka | C17: 0.33 | D17: -
A18: Bar Diameter (Main) | B18: φm | C18: 16 | D18: mm
A19: Bar Diameter (Dist.) | B19: φd | C19: 12 | D19: mm
A21: Load per meter from Roof | B21: wroof | C21: ='Roof Slab'!B162 -> 5.8125 | D21: kN/m
A23: B.PRELIMINARY SIZING
A25: Minimum Wall Thickness | B25: tw,min | C25: =MROUND(MAX(300,C7*1000/12),50) -> 300 | D25: mm
A26: Assumed Wall Thickness | B26: tw | C26: =ROUNDUP(C25/10,0)*10 -> 300 | D26: mm
A27: Effective Depth (Inside Face) | B27: di | C27: =C26-C13-C18/2 -> 242 | D27: mm
A28: Effective Depth (Outside Face) | B28: do | C28: =C26-C14-C18/2 -> 242 | D28: mm
A29: Eff. Cover (Inside) | B29: d'i | C29: =C13+C18/2 -> 58 | D29: mm
A30: Eff. Cover (Outside) | B30: d'o | C30: =C14+C18/2 -> 58 | D30: mm
A33: C.LOAD CALCULATIONS
A35: VERTICAL LOAD (Top of Wall)
A36: Roof Slab Load (Factored) | B36: Proof | C36: =C21 -> 5.8125 | D36: kN/m
A37: WATER PRESSURE (INSIDE) - Full Condition
A38: Max Water Pressure at Base | B38: Pw,max | C38: =C8*C15 -> 5 | D38: kN/m²
A39: Load Factor for Water | B39: γw | C39: 1.5 | D39: -
A40: Design Water Pressure | B40: Pw,d | C40: =C38*C39 -> 7.5 | D40: kN/m²
A41: SOIL PRESSURE (OUTSIDE) - Empty Condition
A42: Active Earth Pressure at Base | B42: Ps,max | C42: =C9*C16*C17 -> 5.94 | D42: kN/m²
A43: Load Factor for Soil | B43: γs | C43: 1.5 | D43: -
A44: Design Soil Pressure | B44: Ps,d | C44: =C42*C43 -> 8.91 | D44: kN/m²
A46: CRITICAL LOAD CASE
A47: Case 1: Tank Full (Water Inside) | B47: P1 | C47: =C40 -> 7.5 | D47: kN/m²
A48: Case 2: Tank Empty (Soil Outside) | B48: P2 | C48: =C44 -> 8.91 | D48: kN/m²
A49: Critical Pressure | B49: Pcr | C49: =MAX(C47,C48) -> 8.91 | D49: kN/m²
A50: Critical Case | B50: - | C50: =IF(C47>C48,"Tank Full - Water Inside","Tank Empty - Soil Outside") -> Tank Empty - Soil Outside
A52: D. AXIAL LOAD CHECK
A54: AXIAL LOAD ON WALL
A55: Load from Roof per meter | B55: Proof | C55: =C36 -> 5.8125 | D55: kN/m
A56: Self Weight of Wall | B56: Wwall | C56: =(C26/1000)*C7*25 -> 7.5 | D56: kN/m
A57: Total Axial Load | B57: Pu | C57: =C55+C56 -> 13.3125 | D57: kN/m
A58: Axial Stress | B58: σa | C58: =(C57)/C26 -> 0.044375 | D58: N/mm² | F58: Note: Since axial stress is low, design as flexural member with lateral pressure as primary load
A59: Permissible (0.1fck) | B59: σa,max | C59: =0.1*C11 -> 3 | D59: N/mm²
A60: Status | B60: - | C60: =IF(C58<C59,"OK - Primarily Flexure","Check as Column") -> OK - Primarily Flexure
A62: E. BENDING MOMENT
A64: BENDING MOMENT CALCULATIONS
A65: Support Condition | B65: - | C65: Fixed on All Edges (Two-way Action) | D65: -
A66: For Two-Way Spanning Wall Panel
A67: Height (Short Span) | B67: Lx | C67: =C7 -> 1 | D67: m
A68: Length (Long Span) | B68: Ly | C68: =C6 -> 1 | D68: m
A69: Aspect Ratio | B69: r = Lx/Ly | C69: =C67/C68 -> 1 | D69: -
A70: Max Pressure | B70: Pmax | C70: =C49 -> 8.91 | D70: kN/m²
A71: For Triangular Load on Two-Way Panel(IS 456:2000 - TABLE 26 Two Short Edge Discontinous)
A72: Moment Coefficient (Vertical) | B72: αv | C72: =IF(C69<=0.5,0.045,IF(C69<=0.6,0.055,IF(C69<=0.7,0.065,IF(C69<=0.8,0.075,IF(C69<=0.9,0.082,0.089))))) -> 0.089 | D72: -
A73: Moment Coefficient (Horizontal) | B73: αh | C73: =IF(C69<=0.5,0.045,IF(C69<=0.6,0.05,IF(C69<=0.7,0.053,IF(C69<=0.8,0.056,IF(C69<=0.9,0.058,0.06))))) -> 0.06 | D73: -
A74: Design Moments
A75: Vertical Moment (per m width) | B75: Mv | C75: =C72*C70*C67^2 -> 0.79299 | D75: kNm/m
A76: Horizontal Moment (per m height) | B76: Mh | C76: =C73*C70*C67^2 -> 0.5346 | D76: kNm/m
A77: Design Moment (Vertical) | B77: Mu,v | C77: =C75 -> 0.79299 | D77: kNm/m
A78: Design Moment (Horizontal) | B78: Mu,h | C78: =C76 -> 0.5346 | D78: kNm/m
A80: F. STEEL REINFORCEMENT - VERTICAL
A82: VERTICAL STEEL REINFORCEMENT (MAIN)
A83: Inside Face (Tension when Full)
A84: Design Moment | B84: Mu | C84: =IF(C47>C48,C77*1000000,0) -> 0 | D84: Nmm/m
A85: Effective Depth | B85: d | C85: =C27 -> 242 | D85: mm
A86: Mu/bd² | B86: Ru | C86: =IF(C84>0,C84/(1000*C85^2),0) -> 0 | D86: N/mm²
A87: ρ required | B87: ρ | C87: =IF(C86>0,(0.5*C11/C12)*(1-SQRT(1-(4.6*C86/C11))),0) -> 0 | D87: -
A88: Min ρ (0.12%) | B88: ρmin | C88: 0.0012 | D88: -
A89: Actual ρ | B89: ρact | C89: =MAX(C87,C88) -> 0.0012 | D89: -
A90: Ast required | B90: Ast,req | C90: =C89*1000*C85 -> 290.4 | D90: mm²/m
A91: Area of one bar | B91: Ab | C91: =PI()*C18^2/4 -> 201.06193 | D91: mm²
A92: Spacing required | B92: Sreq | C92: =C91*1000/C90 -> 692.36202 | D92: mm
A93: Max Spacing (3d or 300mm) | B93: Smax | C93: =MIN(3*C85,300) -> 300 | D93: mm
A94: Spacing Provided | B94: Sprov | C94: =MIN(C93,ROUNDDOWN(C92/10,0)*10) -> 300 | D94: mm c/c
A95: Ast Provided | B95: Ast,prov | C95: =C91*1000/C94 -> 670.20643 | D95: mm²/m
A96: Outside Face (Tension when Empty)
A97: Design Moment | B97: Mu | C97: =IF(C48>C47,C77*1000000,0) -> 792990 | D97: Nmm/m
A98: Effective Depth | B98: d | C98: =C28 -> 242 | D98: mm
A99: Mu/bd² | B99: Ru | C99: =IF(C97>0,C97/(1000*C98^2),0) -> 0.013540571 | D99: N/mm²
A100: ρ required | B100: ρ | C100: =IF(C99>0,(0.5*C11/C12)*(1-SQRT(1-(4.6*C99/C11))),0) -> 3.1159495e-05 | D100: -
A101: Min ρ (0.12%) | B101: ρmin | C101: 0.0012 | D101: -
A102: Actual ρ | B102: ρact | C102: =MAX(C100,C101) -> 0.0012 | D102: -
A103: Ast required | B103: Ast,req | C103: =C102*1000*C98 -> 290.4 | D103: mm²/m
A104: Spacing required | B104: Sreq | C104: =C91*1000/C103 -> 692.36202 | D104: mm
A105: Max Spacing | B105: Smax | C105: =MIN(3*C98,300) -> 300 | D105: mm
A106: Spacing Provided | B106: Sprov | C106: =MIN(C105,ROUNDDOWN(C104/10,0)*10) -> 300 | D106: mm c/c
A107: Ast Provided | B107: Ast,prov | C107: =C91*1000/C106 -> 670.20643 | D107: mm²/m
A109: G. STEEL REINFORCEMENT - HORIZONTAL
A111: HORIZONTAL STEEL REINFORCEMENT
A112: Inside Face
A113: Design Moment | B113: Mu | C113: =IF(C47>C48,C78*1000000,C88*1000*C85*1000) -> 290400 | D113: Nmm/m
A114: Effective Depth | B114: d | C114: =C27 -> 242 | D114: mm
A115: Mu/bd² | B115: Ru | C115: =C113/(1000*C114^2) -> 0.0049586777 | D115: N/mm²
A116: ρ required | B116: ρ | C116: =(0.5*C11/C12)*(1-SQRT(1-(4.6*C115/C11))) -> 1.1407127e-05 | D116: -
A117: Min ρ (0.12%) | B117: ρmin | C117: 0.0012 | D117: -
...

Sheet Base Slab
A1: DESIGN OF BASE SLAB
A3: A.INPUT DATA
A5: Description | B5: Symbol | C5: Value | D5: Unit
A6: Tank Length | B6: Ly | C6: =Inputs!A2 -> 1 | D6: m
A7: Tank Width | B7: Lx | C7: =Inputs!B2 -> 1 | D7: m
A8: Tank Height | B8: H | C8: =Inputs!C2 -> 1 | D8: m
A9: Water Depth | B9: Hw | C9: =C8-0.5 -> 0.5 | D9: m
A10: Edge Condition | B10: - | C10: Fixed on all edges | D10: -
A11: Grade of Concrete | B11: fck | C11: 30 | D11: MPa
A12: Grade of Steel | B12: fy | C12: 500 | D12: MPa
A13: Clear Cover | B13: Cc | C13: 75 | D13: mm
A14: Soil Bearing Capacity | B14: SBC | C14: 150 | D14: kN/m²
A15: Bar Diameter (Main) | B15: φm | C15: 25 | D15: mm
A16: Bar Diameter (Dist.) | B16: φd | C16: 16 | D16: mm
A17: Ground Water Level | B17: GWL | C17: 3 | D17: m
A18: LOADS FROM WALLS:
A19: Load from Long Wall (per m) | B19: wlong | C19: ='Long Wall'!B178 -> 13.3125 | D19: kN/m
A20: Load from Short Wall (per m) | B20: wshort | C20: ='Short Wall'!B195 -> 13.3125 | D20: kN/m
A21: Long Wall Thickness | B21: tlong | C21: ='Long Wall'!C92 -> 300 | D21: mm
A22: Short Wall Thickness | B22: tshort | C22: ='Short Wall'!C135 -> 300 | D22: mm
A24: B.PRELIMINARY SIZING
A26: Short Span/Long Span | B26: Lx/Ly | C26: =C7/C6 -> 1 | D26: -
A27: Assumed Span/Depth Ratio | B27: - | C27: 25 | D27: -
A28: Required Depth | B28: d | C28: 500 | D28: mm
A29: Assumed Overall Depth | B29: D | C29: =MROUND(ROUNDUP(C28/10,0)*10+75,50) -> 600 | D29: mm
A30: Effective Depth (Short Span) | B30: dx | C30: =C29-C13-C15/2 -> 512.5 | D30: mm
A31: Effective Depth (Long Span) | B31: dy | C31: =C29-C13-C15-C16/2 -> 492 | D31: mm
A34: C.LOAD CALCULATIONS
A36: DOWNWARD LOADS
A37: Self Weight of Base Slab | B37: DL1 | C37: =(C29/1000)*25 -> 15 | D37: kN/m²
A38: Weight of Water | B38: DL2 | C38: =C9*10 -> 5 | D38: kN/m²
A39: Loads from Walls (Distributed over base area)
A40: Total Load from Long Walls | B40: Wlong,total | C40: =C19*C6*2 -> 26.625 | D40: kN
A41: Distributed over Base | B41: wlong,dist | C41: =C40/(C6*C7) -> 26.625 | D41: kN/m²
A42: Total Load from Short Walls | B42: Wshort,total | C42: =C20*C7*2 -> 26.625 | D42: kN
A43: Distributed over Base | B43: wshort,dist | C43: =C42/(C6*C7) -> 26.625 | D43: kN/m²
A44: Total Wall Load | B44: DL3 | C44: =C41+C43 -> 53.25 | D44: kN/m²
A45: Total Dead Load | B45: DL | C45: =C37+C38+C44 -> 73.25 | D45: kN/m²
A46: UPWARD LOADS
A47: Upward Water Pressure (if GWL high) | B47: Up | C47: =IF(C17<C8,10*(C17-C8),0) -> 0 | D47: kN/m²
A48: Net Downward Load | B48: Wnet | C48: =C45-C47 -> 73.25 | D48: kN/m²
A49: SOIL REACTION
A50: Soil Pressure (Service) | B50: qsoil | C50: =C48 -> 73.25 | D50: kN/m²
A51: CHECK BEARING CAPACITY
A52: Soil Pressure | B52: q | C52: =C50 -> 73.25 | D52: kN/m²
A53: Safe Bearing Capacity | B53: SBC | C53: =C14 -> 150 | D53: kN/m²
A54: Status | B54: - | C54: =IF(C52<C53,"OK","INCREASE BASE AREA") -> OK
A55: Safety Factor | B55: SF | C55: =C53/C52 -> 2.0477816 | D55: -
A56: FACTORED LOADS
A57: Load Factor | B57: γf | C57: 1.5 | D57: -
A58: Factored Net Load | B58: wu | C58: =C48*C57 -> 109.875 | D58: kN/m²
A59: UPLIFT CHECK (Empty Tank Condition)
A60: Self Weight + Walls (Empty) | B60: Wempty | C60: =C37+C44 -> 68.25 | D60: kN/m²
A61: Uplift Pressure | B61: Pup | C61: =ABS(C47) -> 0 | D61: kN/m²
A62: Factor of Safety against Uplift | B62: FOS | C62: =IF(C61>0,C60/C61,"N/A") -> N/A | D62: -
A63: Status | B63: - | C63: =IF(OR(C61=0,C62>1.2),"SAFE","INCREASE SLAB WEIGHT") -> SAFE
A65: D.BENDING MOMENT CALCULATIONS
A67: Aspect Ratio | B67: r = Lx/Ly | C67: =C26 -> 1 | D67: -
A68: 1.UNIFORMLY DISTRIBUTED LOAD MOMENTS(Net upward pressure causes bending)
A69: Factored Soil Pressure (Upward) | B69: qsoil | C69: =C50*C57 -> 109.875 | D69: kN/m²
A70: Factored Downward Load (UDL portion) | B70: qdown | C70: =(C37+C38)*C57 -> 30 | D70: kN/m²
A71: Net UDL for moment calculation | B71: qnet,udl | C71: =C69-C70 -> 79.875 | D71: kN/m²
A72: Moment Coefficients (IS 456 Table 26)
A73: For Fixed Edges, Two-way Slab
A74: αx (Short Span - Negative) | B74: αx- | C74: =IF(C67<=0.5,0.032,IF(C67<=0.55,0.037,IF(C67<=0.6,0.043,IF(C67<=0.65,0.049,IF(C67<=0.7,0.055,IF(C67<=0.75,0.061,IF(C67<=0.8,0.068,IF(C67<=0.85,0.074,IF(C67<=0.9,0.081,IF(C67<=0.95,0.087,0.093)))))))))) -> 0.093 | D74: -
A75: αx (Short Span - Positive) | B75: αx+ | C75: =IF(C67<=0.5,0.024,IF(C67<=0.55,0.028,IF(C67<=0.6,0.032,IF(C67<=0.65,0.036,IF(C67<=0.7,0.041,IF(C67<=0.75,0.045,IF(C67<=0.8,0.05,IF(C67<=0.85,0.055,IF(C67<=0.9,0.06,IF(C67<=0.95,0.065,0.069)))))))))) -> 0.069 | D75: -
A76: αy (Long Span - Negative) | B76: αy- | C76: =IF(C67<=0.5,0.032,IF(C67<=0.55,0.035,IF(C67<=0.6,0.037,IF(C67<=0.65,0.04,IF(C67<=0.7,0.043,IF(C67<=0.75,0.045,IF(C67<=0.8,0.048,IF(C67<=0.85,0.051,IF(C67<=0.9,0.053,IF(C67<=0.95,0.056,0.058)))))))))) -> 0.058 | D76: -
A77: αy (Long Span - Positive) | B77: αy+ | C77: =IF(C67<=0.5,0.024,IF(C67<=0.55,0.026,IF(C67<=0.6,0.028,IF(C67<=0.65,0.03,IF(C67<=0.7,0.032,IF(C67<=0.75,0.034,IF(C67<=0.8,0.035,IF(C67<=0.85,0.037,IF(C67<=0.9,0.039,IF(C67<=0.95,0.041,0.042)))))))))) -> 0.042 | D77: -
A78: Moments from UDL
A79: Mux- (Negative at Wall) | B79: Mux,udl- | C79: =C74*C71*C7^2 -> 7.428375 | D79: kNm/m
A80: Mux+ (Positive at Mid) | B80: Mux,udl+ | C80: =C75*C71*C7^2 -> 5.511375 | D80: kNm/m
A81: Muy- (Negative at Wall) | B81: Muy,udl- | C81: =C76*C71*C7^2 -> 4.63275 | D81: kNm/m
A82: Muy+ (Positive at Mid) | B82: Muy,udl+ | C82: =C77*C71*C7^2 -> 3.35475 | D82: kNm/m
A83: 2.CONCENTRATED LINE LOADS FROM WALLS
A84: Long Walls (Perpendicular to short span)
A85: Line Load per Long Wall | B85: Plong | C85: =C19 -> 13.3125 | D85: kN/m
A86: Clear span in short direction | B86: Lx,clear | C86: =C7-(C22/1000) -> 0.7 | D86: m
A87: For beam strip (per meter width)
A88: Moment due to line load (Fixed) | B88: Mwall,x | C88: =(C85*C86^2)/12 -> 0.54359375 | D88: kNm/m
A89: Short Walls (Perpendicular to long span)
A90: Line Load per Short Wall | B90: Pshort | C90: =C20 -> 13.3125 | D90: kN/m
A91: Clear span in long direction | B91: Ly,clear | C91: =C6-(C21/1000) -> 0.7 | D91: m
A92: For beam strip (per meter width)
A93: Moment due to line load (Fixed) | B93: Mwall,y | C93: =(C90*C91^2)/12 -> 0.54359375 | D93: kNm/m
A94: 3.COMBINED DESIGN MOMENTS
A95: Short Span Direction (X):
A96: Negative Moment at Wall | B96: Mux,neg | C96: =ABS(C79)+C88 -> 7.9719688 | D96: kNm/m
A97: Positive Moment at Mid | B97: Mux,pos | C97: =C80+C88 -> 6.0549687 | D97: kNm/m
A98: Design Moment (Short Span) | B98: Mux,design | C98: =MAX(C96,C97) -> 7.9719688 | D98: kNm/m
A99: Long Span Direction (Y):
A100: Negative Moment at Wall | B100: Muy,neg | C100: =ABS(C81)+C93 -> 5.1763438 | D100: kNm/m
A101: Positive Moment at Mid | B101: Muy,pos | C101: =C82+C93 -> 3.8983437 | D101: kNm/m
A102: Design Moment (Long Span) | B102: Muy,design | C102: =MAX(C100,C101) -> 5.1763438 | D102: kNm/m
A104: E.STEEL REINFORCEMENT - SHORT SPAN (X-DIRECTION)
A106: Main Steel at Bottom
A107: Design Moment | B107: Mu | C107: =C98*100000 -> 797196.88 | D107: Nmm/m
A108: Effective Depth | B108: d | C108: =C30 -> 512.5 | D108: mm
A109: Mu/bd² | B109: Ru | C109: =C107/(1000*C108^2) -> 0.0030351338 | D109: N/mm²
A110: ρ required | B110: ρ | C110: =(0.5*C11/C12)*(1-SQRT(1-(4.6*C109/C11))) -> 6.9816202e-06 | D110: -
A111: Min ρ (0.12%) | B111: ρmin | C111: 0.0012 | D111: -
...

Sheet Estimation
A1: ESTIMATION OF TANK
A4: A.INPUT DATA
A6: Tank Specifications:
A7: Description | B7: Value | C7: Unit
A8: Internal Length | B8: =Inputs!A2 -> 1 | C8: m
A9: Internal Width | B9: =Inputs!B2 -> 1 | C9: m
A10: Internal Height | B10: =Inputs!C2 -> 1 | C10: m
A11: Tank Volume | B11: =B8*B9*B10 -> 1 | C11: m³
A12: Capacity | B12: =B11*1000 -> 1000 | C12: liters
A13: Capacity (KL) | B13: =B12/1000 -> 1 | C13: KL
A15: Member Dimensions:
A16: Member | B16: Thickness (mm) | C16: Thickness (m)
A17: Roof Slab | B17: ='Roof Slab'!B148 -> 150 | C17: =B17/1000 -> 0.15
A18: Base Slab | B18: ='Base Slab'!B197 -> 600 | C18: =B18/1000 -> 0.6
A19: Long Wall | B19: ='Long Wall'!C92 -> 300 | C19: =B19/1000 -> 0.3
A20: Short Wall | B20: ='Short Wall'!C135 -> 300 | C20: =B20/1000 -> 0.3
A22: B.QUANTITY CALCULATIONS
A24: Description | B24: Length(m) | C24: Width(m) | D24: Height(m) | E24: Quantity | F24: Unit | G24: Remarks
A25: 1.EarthWork
A26: Excavation in ordinary soil | B26: =B8+1 -> 2 | C26: =B9+1 -> 2 | D26: 3.5 | E26: =B26*C26*D26 -> 14 | F26: m³ | G26: Add 0.5m working space
A27: Filling with excavated earth | B27: =B26 -> 2 | C27: =C26 -> 2 | D27: 0.5 | E27: =B27*C27*D27 -> 2 | F27: m³ | G27: Around tank
A28: Disposal of excess earth | B28: - | C28: - | D28: - | E28: =E26-E27 -> 12 | F28: m³ | G28: Excess removal
A29: 2.RCC Quantities
A30: Base Slab | B30: =B8 -> 1 | C30: =B9 -> 1 | D30: =C18 -> 0.6 | E30: =B30*C30*D30 -> 0.6 | F30: m³
A31: Long Walls (2 nos) | B31: =B8*2 -> 2 | C31: - | D31: =B10*C19 -> 0.3 | E31: =B31*D31 -> 0.6 | F31: m³ | G31: Two walls
A32: Short Walls (2 nos) | B32: =B9*2 -> 2 | C32: - | D32: =B10*C20 -> 0.3 | E32: =B32*D32 -> 0.6 | F32: m³ | G32: Two walls
A33: Roof Slab | B33: =B8 -> 1 | C33: =B9 -> 1 | D33: =C17 -> 0.15 | E33: =B33*C33*D33 -> 0.15 | F33: m³
A34: Total RCC Concrete | E34: =SUM(E30:E33) -> 1.95 | F34: m³
A35: Add 2% wastage | E35: =E34*0.02 -> 0.039 | F35: m³
A36: Total Concrete Required | E36: =E34+E35 -> 1.989 | F36: m³ | G36: FINAL
A37: 3.Steel Quantites
A38: Base Slab Steel | E38: =E30*120 -> 72 | F38: kg | G38: @ 120 kg/m³
A39: Wall Steel | E39: =(E31+E32)*110 -> 132 | F39: kg | G39: @ 110 kg/m³
A40: Roof Slab Steel | E40: =E33*100 -> 15 | F40: kg | G40: @ 100 kg/m³
A41: Total Steel Required | E41: =SUM(E38:E40) -> 219 | F41: kg
A42: Add 10% wastage | E42: =E41*0.1 -> 21.9 | F42: kg
A43: Total Steel | E43: =E41+E42 -> 240.9 | F43: kg | G43: FINAL
A44: Convert to Tonnes | E44: =E43/1000 -> 0.2409 | F44: Tonnes | G44: For Costing
A45: 4.FormWork Quantities
A46: Base Slab - Top surface | B46: =B8 -> 1 | C46: =B9 -> 1 | D46: - | E46: =B46*C46 -> 1 | F46: m²
A47: Long Walls - Both faces | B47: =B8*B10*2*2 -> 4 | C47: - | D47: - | E47: =B47 -> 4 | F47: m² | G47: Both sides, 2 walls
A48: Short Walls - Both faces | B48: =B9*B10*2*2 -> 4 | C48: - | D48: - | E48: =B48 -> 4 | F48: m² | G48: Both sides, 2 walls
A49: Roof Slab - Bottom | B49: =B8 -> 1 | C49: =B9 -> 1 | D49: - | E49: =B49*C49 -> 1 | F49: m²
A50: Total Formwork | E50: =SUM(E46:E49) -> 10 | F50: m²
A51: Add 15% for edge strips | E51: =E50*0.15 -> 1.5 | F51: m²
A52: Total Formwork Required | E52: =E50+E51 -> 11.5 | F52: m² | G52: FINAL
A53: 5.WaterProofing Quantities
A54: Internal coating | B54: =(B8*B9)+(B8*B10*2)+(B9*B10*2) -> 5 | E54: =B54 -> 5 | F54: m² | G54: Floor + walls
A55: External bituminous | B55: =(B8*B9)+(B8*B10*2)+(B9*B10*2) -> 5 | E55: =B55 -> 5 | F55: m² | G55: Base + walls
A56: Integral waterproofing | E56: =E36 -> 1.989 | F56: m³ | G56: In concrete
A57: 6. Plastering Quantites(12mm thick)
A58: Internal plastering | B58: =(B8*B9*2)+(B8*B10*2)+(B9*B10*2) -> 6 | E58: =B58 -> 6 | F58: m² | G58: All internal
A59: External plastering | B59: =(B8*B10*2)+(B9*B10*2) -> 4 | E59: =B59 -> 4 | F59: m² | G59: External walls
A60: 7.Accesories and Fittings
A61: Inlet pipe (110mm PVC) | E61: 3 | F61: m | G61: Ground to tank
A62: Outlet pipe (110mm PVC) | E62: 1 | F62: m
A63: Overflow pipe (75mm PVC) | E63: 2 | F63: m
A64: Drain valve (50mm brass) | E64: 1 | F64: No
A65: MS Ladder | E65: =B10 -> 1 | F65: m | G65: Access ladder
A66: Manhole cover (600x600) | E66: 1 | F66: No | G66: RCC cover
A67: Ventilation pipe (50mm) | E67: 2 | F67: m
A69: C.RATE ANALYSIS
A71: Description | B71: Quantity | C71: Unit | D71: Rate (₹) | E71: Amount (₹)
A73: A.DIRECT COST
A74: 1.EarthWork
A75: Excavation in ordinary soil | B75: =E26 -> 14 | C75: m³ | D75: 120 | E75: =B75*D75 -> 1680
A76: Filling and compaction | B76: =E27 -> 2 | C76: m³ | D76: 80 | E76: =B76*D76 -> 160
A77: Disposal of earth | B77: =E28 -> 12 | C77: m³ | D77: 60 | E77: =B77*D77 -> 720
A78: Subtotal - Earthwork | E78: =SUM(E75:E77) -> 2560
A79: 2.Reinforced Cement Concrete
A80: RCC | B80: =E36 -> 1.989 | C80: m³ | D80: 7500 | E80: =B80*D80 -> 14917.5
A81: Subtotal - RCC Concrete | E81: =SUM(E80) -> 14917.5
A82: 3.Steel Reinforcement
A83: Fe 500 TMT Steel bars | B83: =E44 -> 0.2409 | C83: Tonnes | D83: 65000 | E83: =B83*D83 -> 15658.5
A84: Subtotal - Steel | E84: =E83 -> 15658.5
A85: 4.Formwork
A86: Plywood formwork with support | B86: =E52 -> 11.5 | C86: m² | D86: 450 | E86: =B86*D86 -> 5175
A87: Subtotal - Formwork | E87: =E86 -> 5175
A88: 5.WaterProofing Works
A89: Internal cementitious coating | B89: =E54 -> 5 | C89: m² | D89: 280 | E89: =B89*D89 -> 1400
A90: External bituminous coating | B90: =E55 -> 5 | C90: m² | D90: 180 | E90: =B90*D90 -> 900
A91: Subtotal - Waterproofing | E91: =SUM(E89:E90) -> 2300
A92: 6.Plastering Works
A93: Internal cement plaster 12mm | B93: =E58 -> 6 | C93: m² | D93: 180 | E93: =B93*D93 -> 1080
A94: External cement plaster 12mm | B94: =E59 -> 4 | C94: m² | D94: 160 | E94: =B94*D94 -> 640
A95: Subtotal - Plastering | E95: =SUM(E93:E94) -> 1720
A96: 7.Plumbing & Fixtures
A97: Inlet pipe with fittings | B97: =E61 -> 3 | C97: m | D97: 450 | E97: =B97*D97 -> 1350
A98: Outlet pipe with fittings | B98: =E62 -> 1 | C98: m | D98: 450 | E98: =B98*D98 -> 450
A99: Overflow pipe | B99: =E63 -> 2 | C99: m | D99: 320 | E99: =B99*D99 -> 640
A100: Drain valve (brass) | B100: =E64 -> 1 | C100: No | D100: 2500 | E100: =B100*D100 -> 2500
A101: MS Ladder | B101: =E65 -> 1 | C101: m | D101: 1800 | E101: =B101*D101 -> 1800
A102: RCC Manhole cover | B102: =E66 -> 1 | C102: No | D102: 3500 | E102: =B102*D102 -> 3500
A103: Ventilation pipe | B103: =E67 -> 2 | C103: m | D103: 180 | E103: =B103*D103 -> 360
A104: Subtotal - Plumbing | E104: =SUM(E97:E103) -> 10600
A106: Total Direct Cost | E106: =E78+E81+E84+E87+E91+E95+E104 -> 52931
A108: B.INDIRECT COST
A109: Contractor's Profit (10%) | B109: =E106 -> 52931 | D109: 0.1 | E109: =B109*D109 -> 5293.1
A110: Subtotal - Indirect | E110: =SUM(E109) -> 5293.1
A112: Total Direct+Indirect Cost(Before Tax) | E112: =E106+E110 -> 58224.1
...

Sheet Final Values
A1: Internal Length | B1: Internal Width | C1: Internal Height | D1: RB Overall Depth | E1: RB Short Span - Top | F1: RB Short Span - Bottom | G1: RB Long Span - Top | H1: RB Long Span - Bottom | I1: RB Shear Check | J1: RB Deflection Check | K1: RB Crack Width Check | L1: Long Wall Thickness | M1: LW Vertical - Inside Face | N1: LW Vertical - Outside Face | O1: LW Horizontal - Both Faces | P1: LW Axial Load Check | Q1: LW Shear Check | R1: LW Crack Width Check | S1: Short Wall Thickness | T1: SW Vertical - Inside Face | U1: SW Vertical - Outside Face | V1: SW Horizontal - Inside Face | W1: SW Horizontal - Outside Face | X1: SW Axial Load Check | Y1: SW Shear Check | Z1: SW Crack Width Check | AA1: Base Slab Overall Depth | AB1: BS Short Span - Bottom | AC1: BS Short Span - Top | AD1: BS Long Span - Bottom | AE1: BS Long Span - Top | AF1: BS Bearing Capacity Check | AG1: BS Uplift Check | AH1: BS Shear Check | AI1: BS Punching Shear (Long Wall) | AJ1: BS Punching Shear (Short Wall) | AK1: BS Crack Width Check | AL1: 1.EarthWork | AM1: 2.Reinforced Cement Concrete | AN1: 3.Steel Reinforcement | AO1: 4.Formwork | AP1: 5.WaterProofing Works | AQ1: 6.Plastering Works | AR1: 7.Plumbing & Fixtures | AS1: 8.Contractor's Profit (10%) | AT1: 9.Contingency (5%) | AU1: 10.GST @ 18% | AV1: TOTAL COST(₹)
A2: =Inputs!A2&"m" -> 1m | B2: =Inputs!B2&"m" -> 1m | C2: =Inputs!C2&"m" -> 1m | D2: ='Roof Slab'!B148&"mm" -> 150mm | E2: ='Roof Slab'!C14&"mm φ @ "&'Roof Slab'!C79&" mm c/c" -> 16mm φ @ 300 mm c/c | F2: ='Roof Slab'!C14&"mm φ @ "&'Roof Slab'!C85&" mm c/c" -> 16mm φ @ 300 mm c/c | G2: ='Roof Slab'!C15&"mm φ @ "&'Roof Slab'!C105&" mm c/c" -> 12mm φ @ 250 mm c/c | H2: ='Roof Slab'!C15&"mm φ @ "&'Roof Slab'!C111&" mm c/c" -> 12mm φ @ 250 mm c/c | I2: ='Roof Slab'!C128 -> SAFE | J2: ='Roof Slab'!B157 -> OK | K2: ='Roof Slab'!B158 -> OK | L2: ='Long Wall'!B165&"mm" -> 300mm | M2: ='Long Wall'!C18&"mm φ @ "&'Long Wall'!C92&" mm c/c" -> 16mm φ @ 300 mm c/c | N2: ='Long Wall'!C18&"mm φ @ "&'Long Wall'!C104&" mm c/c" -> 16mm φ @ 300 mm c/c | O2: ='Long Wall'!C19&"mm φ @ "&'Long Wall'!C116&" mm c/c" -> 12mm φ @ 300 mm c/c | P2: ='Long Wall'!B173 -> OK - Primarily Flexure | Q2: ='Long Wall'!B174 -> SAFE | R2: ='Long Wall'!B175 -> OK | S2: ='Long Wall'!B165&"mm" -> 300mm | T2: ='Long Wall'!C18&"mm φ @ "&'Long Wall'!C92&" mm c/c" -> 16mm φ @ 300 mm c/c | U2: ='Short Wall'!C18&"mm φ @ "&'Short Wall'!C106&" mm c/c" -> 16mm φ @ 300 mm c/c | V2: ='Short Wall'!C19&"mm φ @ "&'Short Wall'!C123&" mm c/c" -> 12mm φ @ 300 mm c/c | W2: ='Short Wall'!C19&"mm φ @ "&'Short Wall'!C135&" mm c/c" -> 12mm φ @ 300 mm c/c | X2: ='Short Wall'!B190 -> OK - Primarily Flexure | Y2: ='Short Wall'!B191 -> SAFE | Z2: ='Short Wall'!B192 -> OK | AA2: ='Base Slab'!B197&"mm" -> 600mm | AB2: ='Base Slab'!C15&"mm φ @ "&'Base Slab'!C117&" mm c/c" -> 25mm φ @ 300 mm c/c | AC2: ='Base Slab'!C15&"mm φ @ "&'Base Slab'!C122&" mm c/c" -> 25mm φ @ 300 mm c/c | AD2: ='Base Slab'!C16&"mm φ @ "&'Base Slab'!C142&" mm c/c" -> 16mm φ @ 300 mm c/c | AE2: ='Base Slab'!C16&"mm φ @ "&'Base Slab'!C147&" mm c/c" -> 16mm φ @ 300 mm c/c | AF2: ='Base Slab'!B219 -> OK | AG2: ='Base Slab'!B220 -> SAFE | AH2: ='Base Slab'!B221 -> SAFE | AI2: ='Base Slab'!B222 -> SAFE | AJ2: ='Base Slab'!B223 -> SAFE | AK2: ='Base Slab'!B224 -> OK | AL2: =Estimation!B123 -> 2560 | AM2: =Estimation!B124 -> 14917.5 | AN2: =Estimation!B125 -> 15658.5 | AO2: =Estimation!B126 -> 5175 | AP2: =Estimation!B127 -> 2300 | AQ2: =Estimation!B128 -> 1720 | AR2: =Estimation!B129 -> 10600 | AS2: =Estimation!B130 -> 5293.1 | AT2: =Estimation!B131 -> 2911.205 | AU2: =Estimation!B132 -> 11004.355 | AV2: =Estimation!B133 -> 72139.66
